query_prefix	nogaps_dir	out_prefix	focal_species
aalpina	aalpina_stitched_nogaps	aalpina	Arabis_alpina
aarabicum	aarabicum_stitched_nogaps	aarabicum	Aethionema_arabicum
ahalleri	ahalleri_stitched_nogaps	ahalleri	Arabidopsis_halleri
alyrata	alyrata_stitched_nogaps	alyrata	Arabidopsis_lyrata
anemorensis	anemorensis_stitched_nogaps	anemorensis	Arabis_nemorensis
athaliana	athaliana_stitched_nogaps	athaliana	Arabidopsis_thaliana
boleracea	boleracea_stitched_nogaps	boleracea	Brassica_oleracea
brapafpsc	brapa_stitched_nogaps	brapa	Brassica_rapa_FPsc
bstricta	bstricta_stitched_nogaps	bstricta	Boechera_stricta
camaraamara	camara_stitched_nogaps	camaraamara	Cardamine_amara_amara
cgrandiflora	cgrandiflora_stitched_nogaps	cgrandiflora	Capsella_grandiflora
cneglecta	cneglecta_stitched_nogaps	cneglecta	Camelina_neglecta
crubella	crubella_stitched_nogaps	crubella	Capsella_rubella
csativa	csativa_stitched_nogaps	csativa	Camelina_sativa
esalsugineum	esalsugineum_stitched_nogaps	esalsugineum	Eutrema_salsugineum
iindigotica	iindigotica_stitched_nogaps	iindigotica	Isatis_indigotica
merraticum	merraticum_stitched_nogaps	merraticum	Microthlaspi_erraticum
rsativus	rsativus_stitched_nogaps	rsativus	Raphanus_sativus
salba	salba_stitched_nogaps	salba	Sinapis_alba
sparvula	sparvula_stitched_nogaps	sparvula	Schrenkiella_parvula
tarvensevarmn106	tarvense_stitched_nogaps	tarvense	Thlaspi_arvense_MN106
tcacao	tcacao_stitched_nogaps	tcacao	Theobroma_cacao
thassleriana	thassleriana_stitched_nogaps	thassleriana	Tarenaya_hassleriana
