gene_b1	00000000000000000000000000000000	100	Pfam	PF00001	Mock domain one	5	90	1.0E-20	T	26-09-2026	IPR000001	Mock InterPro one	-	-
gene_b2	00000000000000000000000000000000	150	MobiDBLite	mobidb-lite	consensus disorder prediction	10	50	-	T	26-09-2026	-	-	-	-
gene_b2	00000000000000000000000000000000	150	Coils	Coil	Coil	60	90	-	T	26-09-2026	-	-	-	-
gene_b3	00000000000000000000000000000000	120	AntiFam	ANF00057	Translation of E. coli type CRISPR repeat	6	101	1.0E-9	T	26-09-2026	-	-	-	-
gene_b4	00000000000000000000000000000000	90	AntiFam	ANF00006	Mock spurious family	1	80	2.0E-15	T	26-09-2026	-	-	-	-
gene_b4	00000000000000000000000000000000	90	Pfam	PF00002	Mock domain two	10	70	3.0E-30	T	26-09-2026	IPR000002	Mock InterPro two	-	-
gene_b6	00000000000000000000000000000000	200	Hamap	MF_00001	Mock HAMAP family	1	190	32.021942	T	26-09-2026	IPR000003	Mock InterPro three	-	-
gene_b7	00000000000000000000000000000000	60	SMART	SM00001	Mock SMART domain	5	50	5.0E-2	T	26-09-2026	-	-	-	-
gene_b8	00000000000000000000000000000000	300	ProSitePatterns	PS00001	Mock pattern	100	112	-	T	26-09-2026	IPR000004	Mock conserved site	-	-
gene_b9__SpeciesA	00000000000000000000000000000000	110	Pfam	PF00003	Mock domain three	3	100	4.0E-12	T	26-09-2026	IPR000005	Mock InterPro five	-	-
gene_b10	00000000000000000000000000000000	140	CDD	cd00001	Mock CDD domain	1	130	1.5E-40	T	26-09-2026	-	-	-	-
gene_b11	00000000000000000000000000000000	70	Pfam	PF05212	Mock lineage-specific domain	2	66	6.0E-25	T	26-09-2026	IPR006000	Mock InterPro eleven	-	-
