species	gene_id	status	n_counted_hits
Physcomitrium_patens	XP_073386763.1	NO_HIT	0
Physcomitrium_patens	XP_024403912.1	NO_HIT	0
Physcomitrium_patens	XP_073394949.1	NO_HIT	0
Physcomitrium_patens	XP_073396661.1	NO_HIT	0
Physcomitrium_patens	XP_073390149.1	NO_HIT	0
Physcomitrium_patens	XP_073395527.1	HIT	27
Physcomitrium_patens	XP_024371827.1	NO_HIT	0
Physcomitrium_patens	XP_073390431.1	NO_HIT	0
Physcomitrium_patens	XP_024379247.1	NO_HIT	0
Physcomitrium_patens	XP_073393566.1	NO_HIT	0
Physcomitrium_patens	XP_073386134.1	NO_HIT	0
Physcomitrium_patens	XP_024393712.1	NO_HIT	0
Physcomitrium_patens	XP_073392824.1	NO_HIT	0
